{
  "Open Main Page" : {
    "transaction" : "Open Main Page",
    "sampleCount" : 61936,
    "errorCount" : 4,
    "errorPct" : 0.0064582797,
    "meanResTime" : 131.28242056316276,
    "medianResTime" : 43.0,
    "minResTime" : 29.0,
    "maxResTime" : 1049025.0,
    "pct1ResTime" : 47.0,
    "pct2ResTime" : 49.0,
    "pct3ResTime" : 1064.0,
    "throughput" : 15.770940432972614,
    "receivedKBytesPerSec" : 31.588656722256413,
    "sentKBytesPerSec" : 2.3870487253333974
  },
  "Total" : {
    "transaction" : "Total",
    "sampleCount" : 123870,
    "errorCount" : 11,
    "errorPct" : 0.008880278,
    "meanResTime" : 132.27333494793112,
    "medianResTime" : 31.0,
    "minResTime" : 17.0,
    "maxResTime" : 1049025.0,
    "pct1ResTime" : 45.0,
    "pct2ResTime" : 47.0,
    "pct3ResTime" : 338.950000000008,
    "throughput" : 29.918273623589133,
    "receivedKBytesPerSec" : 35.10924913853933,
    "sentKBytesPerSec" : 10.385507459159152
  },
  "Make an order" : {
    "transaction" : "Make an order",
    "sampleCount" : 61934,
    "errorCount" : 7,
    "errorPct" : 0.011302354,
    "meanResTime" : 133.2642813317399,
    "medianResTime" : 24.0,
    "minResTime" : 17.0,
    "maxResTime" : 960086.0,
    "pct1ResTime" : 26.0,
    "pct2ResTime" : 28.0,
    "pct3ResTime" : 32.0,
    "throughput" : 14.959271045306055,
    "receivedKBytesPerSec" : 5.1462529229591745,
    "sentKBytesPerSec" : 8.121498676082533
  }
}