{
  "Open Main Page" : {
    "transaction" : "Open Main Page",
    "sampleCount" : 65603,
    "errorCount" : 20029,
    "errorPct" : 30.530617,
    "meanResTime" : 22854.929362986608,
    "medianResTime" : 3036.0,
    "minResTime" : 2.0,
    "maxResTime" : 131211.0,
    "pct1ResTime" : 130459.0,
    "pct2ResTime" : 130924.0,
    "pct3ResTime" : 131063.0,
    "throughput" : 21.305395961837807,
    "receivedKBytesPerSec" : 45.81223556718801,
    "sentKBytesPerSec" : 2.240344470130454
  },
  "Total" : {
    "transaction" : "Total",
    "sampleCount" : 131206,
    "errorCount" : 32746,
    "errorPct" : 24.9577,
    "meanResTime" : 15215.292928677112,
    "medianResTime" : 34.0,
    "minResTime" : 1.0,
    "maxResTime" : 131211.0,
    "pct1ResTime" : 130158.9,
    "pct2ResTime" : 131029.0,
    "pct3ResTime" : 131073.0,
    "throughput" : 42.58251120173905,
    "receivedKBytesPerSec" : 61.646161898273675,
    "sentKBytesPerSec" : 11.558368643706807
  },
  "Make an order" : {
    "transaction" : "Make an order",
    "sampleCount" : 65603,
    "errorCount" : 12717,
    "errorPct" : 19.384785,
    "meanResTime" : 7575.656494367705,
    "medianResTime" : 21.0,
    "minResTime" : 1.0,
    "maxResTime" : 131200.0,
    "pct1ResTime" : 32522.800000000003,
    "pct2ResTime" : 131064.0,
    "pct3ResTime" : 131073.0,
    "throughput" : 21.291870609766747,
    "receivedKBytesPerSec" : 15.864790096016753,
    "sentKBytesPerSec" : 9.319780285895202
  }
}