{
  "Open Main Page" : {
    "transaction" : "Open Main Page",
    "sampleCount" : 369658,
    "errorCount" : 0,
    "errorPct" : 0.0,
    "meanResTime" : 11.89043386048747,
    "medianResTime" : 11.0,
    "minResTime" : 0.0,
    "maxResTime" : 938846.0,
    "pct1ResTime" : 59.0,
    "pct2ResTime" : 85.0,
    "pct3ResTime" : 125.0,
    "throughput" : 118.48711590683553,
    "receivedKBytesPerSec" : 237.32136203605438,
    "sentKBytesPerSec" : 0.0
  },
  "Total" : {
    "transaction" : "Total",
    "sampleCount" : 739282,
    "errorCount" : 0,
    "errorPct" : 0.0,
    "meanResTime" : 18.147679775782183,
    "medianResTime" : 11.0,
    "minResTime" : 0.0,
    "maxResTime" : 938846.0,
    "pct1ResTime" : 85.0,
    "pct2ResTime" : 103.0,
    "pct3ResTime" : 146.0,
    "throughput" : 236.96166275300192,
    "receivedKBytesPerSec" : 278.14486205894343,
    "sentKBytesPerSec" : 0.0
  },
  "Make an order" : {
    "transaction" : "Make an order",
    "sampleCount" : 369624,
    "errorCount" : 0,
    "errorPct" : 0.0,
    "meanResTime" : 24.40550126615172,
    "medianResTime" : 61.0,
    "minResTime" : 1.0,
    "maxResTime" : 2058.0,
    "pct1ResTime" : 158.0,
    "pct2ResTime" : 190.0,
    "pct3ResTime" : 256.0,
    "throughput" : 118.47667353461948,
    "receivedKBytesPerSec" : 40.8256184473047,
    "sentKBytesPerSec" : 0.0
  }
}